CarNumber,NAME
704687163RUS,RICHARDSON
704787163RUS,ROSS
704987163RUS,MORGAN
705287163RUS,BAILEY
705387163RUS,LOPEZ
705787163RUS,HOWARD
7064C8197RUS,NELSON
7065C8197RUS,WRIGHT
7066C8197RUS,RIVERA
707987163RUS,REYES
708187163RUS,PARKER
708487163RUS,KING
708587163RUS,NGUYEN
7089H8163RUS,LOPEZ
7147OE161RUS,SMITH
7164YM36RUS,MYERS
7172TT36RUS,DIAZ
7177TT36RUS,ROBINSON
7183TT36RUS,MORGAN
7184TT36RUS,JONES
7193TT36RUS,BAKER
7194TT36RUS,CRUZ
7197TT36RUS,RAMOS
7199MT197RUS,MARTINEZ
72457Y96RUS,MORGAN
7248C8197RUS,WRIGHT
73467Y96RUS,LOPEZ
7360C8197RUS,MITCHELL
7361C8197RUS,BAKER
7363C8197RUS,RUIZ
7364C8197RUS,HOWARD
7365C8197RUS,WALKER
7367C8197RUS,HERNANDEZ
7368C8197RUS,CHAVEZ
7369C8197RUS,SANDERS
7370C8197RUS,COOK
7608EE777RUS,BENNETT
7781KT197RUS,SMITH
7783KT197RUS,TURNER
7784KT197RUS,GRAY
7788KT197RUS,CAMPBELL
7789KT197RUS,RUIZ
7826C8197RUS,ADAMS
7827C8197RUS,BAKER
7828C8197RUS,RAMIREZ
7829C8197RUS,MORRIS
7830C8197RUS,YOUNG
7831C8197RUS,BAILEY
7840C8197RUS,ROBINSON
7841C8197RUS,GUTIERREZ
7842C8197RUS,GUTIERREZ
7843C8197RUS,ROBINSON
7844C8197RUS,GARCIA
8049HT125RUS,HARRIS
8164XX154RUS,TURNER
8165XX154RUS,HARRIS
8166XX154RUS,PARKER
8180XX154RUS,GARCIA
8182XX154RUS,ROSS
8201XX154RUS,MITCHELL
8224XX154RUS,PETERSON
8226XX154RUS,REED
82337X197RUS,HERNANDEZ
8234XX154RUS,BROWN
8311XX154RUS,MURPHY
8316XX154RUS,MARTINEZ
83218C154RUS,WHITE
8321XX154RUS,FOSTER
8325M7154RUS,GARCIA
83298C154RUS,PATEL
8436XX154RUS,GARCIA
8437XX154RUS,WARD
8439XX154RUS,ROGERS
8440XX154RUS,LONG
84418C154RUS,JIMENEZ
8441XX154RUS,BAKER
84438C154RUS,KIM
8451M7154RUS,CRUZ
8513XX154RUS,JIMENEZ
8521XX154RUS,WILSON
8601XX154RUS,BAILEY
8603T8154RUS,HILL
8605T8154RUS,MARTINEZ
8607XX154RUS,WILSON
8610T8154RUS,MORRIS
8611T8154RUS,COOPER
8685HE154RUS,YOUNG
8818C877RUS,ALLEN
89557X197RUS,MENDOZA
89587X197RUS,ALLEN
90159H178RUS,GONZALEZ
9020YC197RUS,HERNANDEZ
9028CO161RUS,HARRIS
9068EM178RUS,HALL
9072EM178RUS,PETERSON
9135X938RUS,TAYLOR
9137X938RUS,RIVERA
9141H8178RUS,WATSON
9182CE154RUS,TORRES
92778M178RUS,SANCHEZ
92788M178RUS,PHILLIPS
92828M178RUS,ALLEN
92898M178RUS,PEREZ
92918M178RUS,ROSS
92928M178RUS,HERNANDEZ
934497178RUS,MARTIN
9371CE154RUS,HERNANDEZ
9398MM199RUS,CASTILLO
9402KK197RUS,CASTILLO
9408H7178RUS,RODRIGUEZ
9409H7178RUS,MORALES
94178K154RUS,HUGHES
9428EX178RUS,TAYLOR
9463EX178RUS,SANCHEZ
9464EX178RUS,RICHARDSON
9466EX178RUS,GREEN
9467EX178RUS,ANDERSON
9468EX178RUS,WHITE
9469EX178RUS,JAMES
9470EX178RUS,LEWIS
9474EX178RUS,WARD
9488EY178RUS,FOSTER
9491H7178RUS,PEREZ
9496KX178RUS,JONES
9498KX178RUS,ALLEN
9499KX178RUS,WARD
9502XX38RUS,RUIZ
9523M8178RUS,NGUYEN
9583EY178RUS,GARCIA
9589EY178RUS,HOWARD
9594HY161RUS,CARTER
96429X178RUS,RICHARDSON
96599X178RUS,PRICE
96629X178RUS,GRAY
96659X178RUS,COOPER
96679X178RUS,HILL
9671EC178RUS,JONES
9677MO178RUS,ADAMS
9679EC178RUS,MORGAN
9683EC178RUS,GUTIERREZ
96857X197RUS,ROGERS
96907X197RUS,ALLEN
9697MO178RUS,ROGERS
9698MO178RUS,PEREZ
9762HY161RUS,HUGHES
9763HY161RUS,NGUYEN
9764HY161RUS,MITCHELL
97968K152RUS,ADAMS
97977H178RUS,ANDERSON
97987H178RUS,BROOKS
97998K152RUS,HARRIS
98017H178RUS,THOMPSON
98037H178RUS,MITCHELL
98047H178RUS,YOUNG
98087H178RUS,WHITE
9822H8161RUS,CARTER
9881HX152RUS,WATSON
9883HX152RUS,FLORES
9886HX152RUS,KIM
9890HX152RUS,JIMENEZ
99209X178RUS,WHITE
9935TE152RUS,CHAVEZ
9938KK197RUS,HOWARD
9938OH154RUS,WRIGHT
9939KK197RUS,SANDERS
9940KK197RUS,TURNER
9941KK197RUS,HALL
9942KK197RUS,LOPEZ
9943KK197RUS,ROSS
9943OH154RUS,TORRES
9975CC77RUS,CRUZ
C299K9154RUS,COLLINS
C313MM99RUS,ANDERSON
C3829X154RUS,GOMEZ
C410X938RUS,KING
C412X938RUS,CHAVEZ
C419X938RUS,PEREZ
C420X938RUS,RAMIREZ
C422X938RUS,MOORE
C476M7161RUS,RIVERA
C477M7161RUS,MARTIN
C514X938RUS,ANDERSON
C515X938RUS,EVANS
C58078163RUS,BAKER
C583EY154RUS,CASTILLO
C584EY154RUS,DAVIS
C589EY154RUS,YOUNG
C590EY154RUS,WRIGHT
C592EY154RUS,JIMENEZ
C593EY154RUS,CASTILLO
C798ET50RUS,ADAMS
C803KE163RUS,RAMIREZ
C903MC161RUS,KIM
C922YE197RUS,PEREZ
E0697X152RUS,TURNER
E160YX77RUS,STEWART
E223YM197RUS,RUIZ
E28777161RUS,CLARK
E28877161RUS,ROSS
E28977161RUS,KELLY
E29577161RUS,FLORES
E29677161RUS,ALVAREZ
E316EH197RUS,ROSS
E33177152RUS,ROBERTS
E33477152RUS,GRAY
E33577152RUS,MARTIN
E34877152RUS,SCOTT
E394MO152RUS,SANDERS
E396MO152RUS,THOMAS
E40577152RUS,TURNER
E40877152RUS,RUIZ
E41577152RUS,ROGERS
E41977152RUS,BROOKS
E42277152RUS,WOOD
E42377152RUS,LEE
E42577152RUS,CARTER
E432XX77RUS,HALL
E445TC197RUS,EVANS
E52677152RUS,PATEL
E52877152RUS,COX
E53277152RUS,ALLEN
E53477152RUS,RAMIREZ
E53488152RUS,MOORE
E535MM199RUS,TAYLOR
E53677152RUS,EDWARDS
E552MO152RUS,RIVERA
E577HE77RUS,CASTILLO
E5878M777RUS,COOK
E591HE77RUS,RODRIGUEZ
E645TH36RUS,YOUNG
E6849O154RUS,SCOTT
E773EH197RUS,JIMENEZ
E79988152RUS,RICHARDSON
E807HE77RUS,HARRIS
E811HE77RUS,CRUZ
E816HE77RUS,PHILLIPS
E822TH36RUS,PHILLIPS
E881OT197RUS,RICHARDSON
E948C8152RUS,ORTIZ
H003MH197RUS,GARCIA
H004MH197RUS,MOORE
H115YO163RUS,MORGAN
H214X836RUS,LEWIS
H217X836RUS,GOMEZ
H218X836RUS,PETERSON
H219X836RUS,ALLEN
H220X836RUS,THOMPSON
H224X836RUS,ROBERTS
H232YH197RUS,STEWART
H234YH197RUS,GUTIERREZ
H235YH197RUS,ROBERTS
H237YH197RUS,MOORE
H259HY161RUS,JAMES
H305T8197RUS,HERNANDEZ
H385TM197RUS,WRIGHT
H387TM197RUS,ROBERTS
H419XE197RUS,BAKER
H427YH197RUS,ALLEN
H618YC38RUS,MORGAN
H837YK197RUS,REED
H844YH197RUS,WRIGHT
H889YK197RUS,RODRIGUEZ
H906YK197RUS,DIAZ
H907YK197RUS,RODRIGUEZ
H908YK197RUS,WARD
H917TC36RUS,ANDERSON
H957HY161RUS,MORGAN
H958HY161RUS,JOHNSON
H961HY161RUS,PATEL
H963HY161RUS,ROSS
H963X936RUS,JACKSON
H966HY161RUS,MOORE
H967HY161RUS,NELSON
H968HY161RUS,ANDERSON
H971HY161RUS,GRAY
H975HY161RUS,RICHARDSON
H976HY161RUS,LONG
H977HY161RUS,COX
H980HY161RUS,KING
H982HY161RUS,RAMOS
H983HY161RUS,ALLEN
K040CC197RUS,MARTIN
K27188138RUS,GUTIERREZ
K2797K154RUS,JAMES
K2807K154RUS,SCOTT
K2817K154RUS,LEWIS
K326T8197RUS,TAYLOR
K327T8197RUS,WOOD
K328T8197RUS,MARTIN
K329T8197RUS,EVANS
K330T8197RUS,ROBINSON
K338T8197RUS,THOMAS
K339T8197RUS,MITCHELL
K357YE77RUS,REED
K376HE161RUS,KING
K379HY161RUS,CRUZ
K436MO152RUS,NELSON
K558KC161RUS,MORRIS
K559KC161RUS,GREEN
K846YE77RUS,WILLIAMS
K889HY161RUS,GOMEZ
K899T8197RUS,EDWARDS
M0269X197RUS,MURPHY
M0279X197RUS,FLORES
M0289X197RUS,MITCHELL
M0299X197RUS,HILL
M0309X197RUS,DAVIS
M0319X197RUS,ROBINSON
M058XE36RUS,RAMIREZ
M2169X197RUS,THOMAS
M256OH161RUS,BAKER
M268CH197RUS,RUIZ
M298CH161RUS,HERNANDEZ
M301CH161RUS,HARRIS
M302CH161RUS,WALKER
M372CH197RUS,COOK
M373CH197RUS,MARTIN
M374CH197RUS,WRIGHT
M375CH197RUS,MOORE
M386M9197RUS,GONZALEZ
M3879X197RUS,HOWARD
M5039X197RUS,WATSON
M516CH161RUS,HOWARD
M577CH197RUS,BAILEY
M578CH197RUS,CARTER
M580CH197RUS,FOSTER
M581CH197RUS,FOSTER
M589CH197RUS,PARKER
M592CH197RUS,MORGAN
M680T9152RUS,RODRIGUEZ
M6977E152RUS,ALVAREZ
M701T9152RUS,BENNETT
M741T9152RUS,MITCHELL
M942OT152RUS,THOMPSON
O017KO197RUS,PARKER
O02397197RUS,SANCHEZ
O02597197RUS,TURNER
O058M7161RUS,WARD
O085E8197RUS,KING
O134HE197RUS,PRICE
O136HO197RUS,EVANS
O143HO197RUS,BROOKS
O21997197RUS,KELLY
O22097197RUS,HALL
O22297197RUS,WHITE
O22397197RUS,COLLINS
O275O7161RUS,LOPEZ
O39897197RUS,LEE
O39997197RUS,BROOKS
O421OT161RUS,WHITE
O481OH77RUS,THOMPSON
O49797197RUS,WATSON
O49897197RUS,TORRES
O50197197RUS,RUIZ
O50699163RUS,CRUZ
O64097197RUS,CHAVEZ
O64297197RUS,FOSTER
O669E8197RUS,GOMEZ
O672E8197RUS,PHILLIPS
O673E8197RUS,LOPEZ
O68897197RUS,GREEN
O6939X163RUS,RICHARDSON
O718MM163RUS,CARTER
O719MM163RUS,ALLEN
O752MX161RUS,COX
O753MX161RUS,MYERS
O77997197RUS,WARD
O78097197RUS,TORRES
O785T9163RUS,JAMES
O83597197RUS,GREEN
O83697197RUS,HARRIS
O83797197RUS,ORTIZ
T011MY163RUS,BROOKS
T016OX197RUS,MARTIN
T017OX197RUS,ADAMS
T018OX197RUS,TORRES
T020MM116RUS,NELSON
T020OX197RUS,TAYLOR
T119CT96RUS,REYES
T171CC96RUS,HUGHES
T195OK161RUS,RIVERA
T242H8197RUS,ROBINSON
T2639T116RUS,HALL
T272HH163RUS,GREEN
T288CT96RUS,GOMEZ
T341CC96RUS,CASTILLO
T394KX197RUS,GREEN
T395KX197RUS,RAMIREZ
T395OT197RUS,MYERS
T396KX197RUS,BENNETT
T399KX197RUS,PARKER
T476KX197RUS,YOUNG
T477KX197RUS,FLORES
T478KX197RUS,LONG
T479KX197RUS,MARTINEZ
T483CT96RUS,JIMENEZ
T535ET96RUS,COOK
T6039O50RUS,CARTER
T6049O50RUS,SMITH
T6068M116RUS,REYES
T6129O50RUS,WATSON
T6169O50RUS,CRUZ
T6229O50RUS,BAKER
T6249O50RUS,MORALES
T6309O50RUS,SANDERS
T6319O50RUS,BROWN
T6329O50RUS,ROGERS
T6359O50RUS,SCOTT
T6418M116RUS,ADAMS
T6419O50RUS,YOUNG
T6428M116RUS,BROOKS
T6439O50RUS,GOMEZ
T6449O50RUS,TURNER
T6459O50RUS,KING
T6488M116RUS,RUIZ
T654HT96RUS,HARRIS
T6559O50RUS,STEWART
T686EO197RUS,PATEL
T7318T163RUS,HERNANDEZ
T769OT197RUS,SMITH
T8008Y125RUS,SMITH
T870X7163RUS,ALVAREZ
T912CT197RUS,ROGERS
T913CT197RUS,ROSS
T914CT197RUS,PEREZ
T940CC96RUS,EVANS
T941CC96RUS,ANDERSON
T948OM96RUS,LONG
X015HY197RUS,ADAMS
X018HY197RUS,WILSON
X023HY197RUS,THOMAS
X242EC197RUS,FOSTER
X255HE161RUS,PRICE
X256HE161RUS,RAMIREZ
X257HE161RUS,GUTIERREZ
X286TC36RUS,STEWART
X320MK197RUS,MENDOZA
X4108H125RUS,RAMIREZ
X4128H125RUS,PATEL
X4138H125RUS,BENNETT
X423MK197RUS,LONG
X504X8197RUS,ORTIZ
X522OM161RUS,CLARK
X523OM161RUS,GOMEZ
X5707X161RUS,ROGERS
X582HE161RUS,CAMPBELL
X583HE161RUS,SMITH
X757HY197RUS,LONG
X758HY197RUS,ALVAREZ
X759HY197RUS,COOK
X760HY197RUS,MENDOZA
X761HY197RUS,KIM
X762HY197RUS,SANCHEZ
X763HY197RUS,JONES
X765HY197RUS,LEE
X767HY197RUS,RIVERA
X782CO96RUS,COOK
X786CO96RUS,RICHARDSON
X791O796RUS,ALVAREZ
X795O796RUS,HUGHES
X796TH96RUS,JOHNSON
X908XC197RUS,ANDERSON
Y038E877RUS,FOSTER
Y038TO197RUS,COOK
Y156E877RUS,FOSTER
Y163O8161RUS,WALKER
Y164O8161RUS,LOPEZ
Y166O8161RUS,STEWART
Y187O8161RUS,EDWARDS
Y192O8161RUS,MURPHY
Y193O8161RUS,MARTINEZ
Y194O8161RUS,CAMPBELL
Y195O8161RUS,BAKER
Y207O8161RUS,EVANS
Y232E877RUS,GREEN
Y234E877RUS,WATSON
Y255E877RUS,ROBINSON
Y273O8197RUS,CARTER
Y274O8197RUS,PETERSON
Y275O8197RUS,BAILEY
Y302E877RUS,WRIGHT
Y305E877RUS,GARCIA
Y316E877RUS,BENNETT
Y344E877RUS,NELSON
Y351O8197RUS,YOUNG
Y352O8197RUS,JOHNSON
Y353O8197RUS,GUTIERREZ
Y354O8197RUS,CLARK
Y356O8197RUS,LOPEZ
Y357O8197RUS,ROBERTS
Y358O8197RUS,LONG
Y359EY197RUS,LEWIS
Y359O8197RUS,MYERS
Y388E877RUS,THOMAS
HQL733RUS,Oleg
FSG454RUS,Kirill
0PG996RUS,Nikolay
